{
    "Full Grasp (Grip)": {
        "20%": 19.888589982986453,
        "40%": 39.777179965972906,
        "60%": 59.66576994895935,
        "80%": 79.55435993194581
    },
    "Pinch (Index Finger)": {
        "20%": 5.805036764144898,
        "40%": 11.610073528289796,
        "60%": 17.415110292434694,
        "80%": 23.22014705657959
    },
    "Pinch (Middle Finger)": {
        "20%": 10.12633960796308,
        "40%": 20.25267921592616,
        "60%": 30.379018823889236,
        "80%": 40.50535843185232
    }
}